{"overview": [{"frmt_val": "66,328", "key": "lines", "val": 66328.0}, {"frmt_val": "363", "key": "classes", "val": 363.0}, {"frmt_val": "352", "key": "files", "val": 352.0}, {"frmt_val": "2,722", "key": "functions", "val": 2722.0}, {"frmt_val": "3,549", "key": "comment_lines", "val": 3549.0}, {"frmt_val": "6.4%", "key": "comment_lines_density", "val": 6.4}, {"frmt_val": "8,120", "key": "complexity", "val": 8120.0}, {"frmt_val": "23.1", "key": "file_complexity", "val": 23.1}, {"frmt_val": "22.4", "key": "class_complexity", "val": 22.4}, {"frmt_val": "7,670", "key": "code_smells", "val": 7670.0}, {"frmt_val": "759", "key": "vulnerabilities", "val": 759.0}], "health": 1}